{
    "coverage": {
        "min_coverage_l2": 0.90,
        "min_coverage_l3": 0.70,
        "l2_radius": 0.6,
        "l3_radius": 0.9
    },
    "infrastructure": {
        "max_new_ports": 4,
        "grid_capacity": 350
    },
    "budget": {
        "default": 10000000,
        "max_per_site": 350000
    },
    "weights": {
        "l3_coverage": 60.0,
        "l2_coverage": 40.0,
        "cost": 0.0
    },
    "requirements": {
        "min_l3_per_area": 1,
        "min_ports_per_l3": 2
    }
}